type,subject_code,subject_name,credit,target_grade
"전공
기초",APHY1002,물리학및실험 1,3,1
"전공
기초",AMTH1004,선형대수,3,1
"전공
기초",AMTH1009,미분적분학,3,1
"전공
기초",AMTH1001,미분방정식,3,1
"전공
기초",EE211,확률및랜덤변수,3,2
"전공
기초",CSE201,이산구조,3,2
"전공
필수",CSE103,객체지향프로그래밍,3,1
"전공
필수",SWCON103,디자인적사고,3,1
"전공
필수",SWCON104,웹/파이선프로그래밍,3,1
"전공
필수",EE209,논리회로,3,2
"전공
필수",CSE203,컴퓨터구조,3,2
"전공
필수",CSE204,자료구조,3,2
"전공
필수",SWCON201,"오픈소스SW개발
방법및도구",3,2
"전공
필수",SWCON253,기계학습,3,2
"전공
필수",CSE301,운영체제,3,3
"전공
필수",CSE302,컴퓨터네트워크,3,3
"전공
필수",CSE304,알고리즘,3,3
"전공
필수",CSE305,데이터베이스,3,3
"전공
필수",CSE327,소프트웨어공학,3,3
"전공
필수",CSE403,졸업논문(컴퓨터공학),0,4
"전공
필수",CSE405,졸업프로젝트,3,4
"전공
필수",CSE406,캡스톤디자인,3,4
"전공
선택",CSE224,UI/UX프로그래밍,3,2
"전공
선택",SWCON254,회로와신호,3,2
"전공
선택",EE210,신호와시스템,3,2
"전공
선택",SWCON221,"마이크로서비스
프로그래밍",3,2
"전공
선택",CSE322,컴파일러,3,3
"전공
선택",CSE324,메타버스시스템,3,3
"전공
선택",CSE330,SW스타트업비즈니스,3,3
"전공
선택",CSE335,클라우드컴퓨팅,3,3
"전공
선택",CSE328,프로그래밍언어론,3,3
"전공
선택",CSE332,리눅스시스템프로그래밍,3,3
"전공
선택",CSE334,SW스타트업프로젝트,3,3
"전공
선택",CSE434,빅데이터프로그래밍,3,3
"전공
선택",CSE331,딥러닝,3,3
"전공
선택",CSE340,실전기계학습,3,3
"전공
선택",SWCON331,로봇프로그래밍,3,3-4
"전공
선택",CSE423,정보보호,3,4
"전공
선택",CSE426,영상처리,3,4
"전공
선택",CSE428,컴퓨터그래픽스,3,4
"전공
선택",CSE436,빅데이터프로젝트,3,4
"전공
선택",CSE438,최신기술콜로키움 1,2,4
"전공
선택",CSE440,AIoT소프트웨어,3,4
"전공
선택",CSE443,AI네트워킹,3,4
"전공
선택",CSE444,AIoT네트워크,3,4
"전공
선택",CSE450,"모바일/웹서비스
프로그래밍",3,4
"전공
선택",CSE452,소프트웨어보안,3,4
"전공
선택",SWCON302,최신기술콜로키움 2,2,2-4
"전공
선택",CSE430,메타버스테이터처리,3,4
"전공
선택",CSE431,인간-컴퓨터상호작용,3,4
"전공
선택",CSE437,클라우드프로젝트,3,4
"전공
선택",CSE439,AIoT디지털시스템,3,4
"전공
선택",CSE441,컴퓨터비젼,3,4
"전공
선택",CSE442,블록체인,3,4
"전공
선택",CSE451,"모바일/웹서비스
프로젝트",3,4
"전공
선택",CSE453,웹보안,3,4
"전공
선택",CSE496,연구연수활동 1,1,2-4
"전공
선택",CSE497,연구연수활동 2,1,2-4
"전공
선택",CSE495,"독립심화학습 1
(컴퓨터공학과)",3,3
"전공
선택",CSE499,"독립심화학습 2
(컴퓨터공학과)",3,3
"전공
선택",SWCON211,게임프로그래밍입문,3,2
"전공
선택",SWCON212,게임엔진기초,3,2
"전공
선택",SWCON366,3D데이터처리,3,3
"전공
선택",SWCON312,체감형기술이론및실습,3,3
"전공
선택",SWCON311,게임그래픽프로그래밍,3,3
"전공
선택",AI1002,인공지능프로그래밍,3,1
"전공
선택",AI3001,고급딥러닝,3,3
"전공
선택",AI3004,빅데이터마이닝,3,3-4
"전공
선택",SWCON491,인공지능과 게임프로그래밍,3,3-4
"전공
선택",SWCON313,가상/증강현실이론및실습,3,3
"전공
선택",SWCON492,풀스택서비스네트워킹,3,2-4
"전공
선택",SWCON493,자연언어처리,3,4
"전공
선택",SWCON370,풀스택서비스프로그래밍,3,3-4
"전공
선택",SWCON495,강화학습,3,4
"전공
선택",CSE104,실감미디어컴퓨팅기초,3,1
